# ************************************************************
# Sequel Pro SQL dump
# Версия 4541
#
# http://www.sequelpro.com/
# https://github.com/sequelpro/sequelpro
#
# Адрес: 127.0.0.1 (MySQL 5.5.5-10.1.28-MariaDB)
# Схема: canoe
# Время создания: 2018-10-10 14:10:37 +0000
# ************************************************************


/*!40101 SET @OLD_CHARACTER_SET_CLIENT=@@CHARACTER_SET_CLIENT */;
/*!40101 SET @OLD_CHARACTER_SET_RESULTS=@@CHARACTER_SET_RESULTS */;
/*!40101 SET @OLD_COLLATION_CONNECTION=@@COLLATION_CONNECTION */;
/*!40101 SET NAMES utf8 */;
/*!40014 SET @OLD_FOREIGN_KEY_CHECKS=@@FOREIGN_KEY_CHECKS, FOREIGN_KEY_CHECKS=0 */;
/*!40101 SET @OLD_SQL_MODE=@@SQL_MODE, SQL_MODE='NO_AUTO_VALUE_ON_ZERO' */;
/*!40111 SET @OLD_SQL_NOTES=@@SQL_NOTES, SQL_NOTES=0 */;


# Дамп таблицы cash_flows
# ------------------------------------------------------------

DROP TABLE IF EXISTS `cash_flows`;

CREATE TABLE `cash_flows` (
  `id` int(10) unsigned NOT NULL AUTO_INCREMENT,
  `investment_id` int(10) unsigned NOT NULL,
  `date` datetime NOT NULL,
  `return` decimal(8,3) NOT NULL,
  `created_at` timestamp NULL DEFAULT NULL,
  `updated_at` timestamp NULL DEFAULT NULL,
  PRIMARY KEY (`id`),
  KEY `cash_flows_investment_id_foreign` (`investment_id`),
  CONSTRAINT `cash_flows_investment_id_foreign` FOREIGN KEY (`investment_id`) REFERENCES `investments` (`id`) ON DELETE CASCADE
) ENGINE=InnoDB DEFAULT CHARSET=utf8mb4 COLLATE=utf8mb4_unicode_ci;

LOCK TABLES `cash_flows` WRITE;
/*!40000 ALTER TABLE `cash_flows` DISABLE KEYS */;

INSERT INTO `cash_flows` (`id`, `investment_id`, `date`, `return`, `created_at`, `updated_at`)
VALUES
	(1,11,'2018-10-10 14:06:08',19.000,'2018-10-10 14:06:08','2018-10-10 14:06:08'),
	(2,11,'2018-10-11 14:06:08',9.000,'2018-10-10 14:06:08','2018-10-10 14:06:08'),
	(3,11,'2018-10-12 14:06:08',26.000,'2018-10-10 14:06:08','2018-10-10 14:06:08'),
	(4,11,'2018-10-13 14:06:08',21.000,'2018-10-10 14:06:08','2018-10-10 14:06:08'),
	(5,11,'2018-10-14 14:06:08',22.000,'2018-10-10 14:06:08','2018-10-10 14:06:08'),
	(6,11,'2018-10-15 14:06:08',-8.000,'2018-10-10 14:06:08','2018-10-10 14:06:08'),
	(7,11,'2018-10-16 14:06:08',17.000,'2018-10-10 14:06:08','2018-10-10 14:06:08'),
	(8,11,'2018-10-17 14:06:08',-10.000,'2018-10-10 14:06:08','2018-10-10 14:06:08'),
	(9,11,'2018-10-18 14:06:08',2.000,'2018-10-10 14:06:08','2018-10-10 14:06:08'),
	(10,11,'2018-10-19 14:06:08',0.000,'2018-10-10 14:06:08','2018-10-10 14:06:08'),
	(11,11,'2018-10-20 14:06:08',30.000,'2018-10-10 14:06:08','2018-10-10 14:06:08'),
	(12,11,'2018-10-21 14:06:08',2.000,'2018-10-10 14:06:08','2018-10-10 14:06:08'),
	(13,11,'2018-10-22 14:06:08',-13.000,'2018-10-10 14:06:08','2018-10-10 14:06:08'),
	(14,11,'2018-10-23 14:06:08',0.000,'2018-10-10 14:06:08','2018-10-10 14:06:08'),
	(15,11,'2018-10-24 14:06:08',5.000,'2018-10-10 14:06:08','2018-10-10 14:06:08'),
	(16,11,'2018-10-25 14:06:08',21.000,'2018-10-10 14:06:08','2018-10-10 14:06:08'),
	(17,11,'2018-10-26 14:06:08',10.000,'2018-10-10 14:06:08','2018-10-10 14:06:08'),
	(18,11,'2018-10-27 14:06:08',1.000,'2018-10-10 14:06:08','2018-10-10 14:06:08'),
	(19,11,'2018-10-28 14:06:08',-3.000,'2018-10-10 14:06:08','2018-10-10 14:06:08'),
	(20,11,'2018-10-29 14:06:08',-3.000,'2018-10-10 14:06:08','2018-10-10 14:06:08'),
	(21,11,'2018-10-30 14:06:08',13.000,'2018-10-10 14:06:08','2018-10-10 14:06:08'),
	(22,11,'2018-10-31 14:06:08',19.000,'2018-10-10 14:06:08','2018-10-10 14:06:08'),
	(23,11,'2018-11-01 14:06:08',0.000,'2018-10-10 14:06:08','2018-10-10 14:06:08'),
	(24,11,'2018-11-02 14:06:08',26.000,'2018-10-10 14:06:08','2018-10-10 14:06:08'),
	(25,11,'2018-11-03 14:06:08',11.000,'2018-10-10 14:06:08','2018-10-10 14:06:08'),
	(26,11,'2018-11-04 14:06:08',30.000,'2018-10-10 14:06:08','2018-10-10 14:06:08'),
	(27,11,'2018-11-05 14:06:08',-20.000,'2018-10-10 14:06:08','2018-10-10 14:06:08'),
	(28,11,'2018-11-06 14:06:08',18.000,'2018-10-10 14:06:08','2018-10-10 14:06:08'),
	(29,11,'2018-11-07 14:06:08',-1.000,'2018-10-10 14:06:08','2018-10-10 14:06:08'),
	(30,11,'2018-11-08 14:06:08',7.000,'2018-10-10 14:06:08','2018-10-10 14:06:08'),
	(31,12,'2018-10-10 14:06:08',5.000,'2018-10-10 14:06:08','2018-10-10 14:06:08'),
	(32,12,'2018-10-11 14:06:08',0.000,'2018-10-10 14:06:08','2018-10-10 14:06:08'),
	(33,12,'2018-10-12 14:06:08',3.000,'2018-10-10 14:06:08','2018-10-10 14:06:08'),
	(34,12,'2018-10-13 14:06:08',29.000,'2018-10-10 14:06:08','2018-10-10 14:06:08'),
	(35,12,'2018-10-14 14:06:08',-9.000,'2018-10-10 14:06:08','2018-10-10 14:06:08'),
	(36,12,'2018-10-15 14:06:08',16.000,'2018-10-10 14:06:08','2018-10-10 14:06:08'),
	(37,12,'2018-10-16 14:06:08',-18.000,'2018-10-10 14:06:08','2018-10-10 14:06:08'),
	(38,12,'2018-10-17 14:06:08',-6.000,'2018-10-10 14:06:08','2018-10-10 14:06:08'),
	(39,12,'2018-10-18 14:06:08',15.000,'2018-10-10 14:06:08','2018-10-10 14:06:08'),
	(40,12,'2018-10-19 14:06:08',23.000,'2018-10-10 14:06:08','2018-10-10 14:06:08'),
	(41,12,'2018-10-20 14:06:08',20.000,'2018-10-10 14:06:08','2018-10-10 14:06:08'),
	(42,12,'2018-10-21 14:06:08',9.000,'2018-10-10 14:06:08','2018-10-10 14:06:08'),
	(43,12,'2018-10-22 14:06:08',1.000,'2018-10-10 14:06:08','2018-10-10 14:06:08'),
	(44,12,'2018-10-23 14:06:08',20.000,'2018-10-10 14:06:08','2018-10-10 14:06:08'),
	(45,12,'2018-10-24 14:06:08',6.000,'2018-10-10 14:06:08','2018-10-10 14:06:08'),
	(46,12,'2018-10-25 14:06:08',-14.000,'2018-10-10 14:06:08','2018-10-10 14:06:08'),
	(47,12,'2018-10-26 14:06:08',-12.000,'2018-10-10 14:06:08','2018-10-10 14:06:08'),
	(48,12,'2018-10-27 14:06:08',26.000,'2018-10-10 14:06:08','2018-10-10 14:06:08'),
	(49,12,'2018-10-28 14:06:08',29.000,'2018-10-10 14:06:08','2018-10-10 14:06:08'),
	(50,12,'2018-10-29 14:06:08',21.000,'2018-10-10 14:06:08','2018-10-10 14:06:08'),
	(51,12,'2018-10-30 14:06:08',-13.000,'2018-10-10 14:06:08','2018-10-10 14:06:08'),
	(52,12,'2018-10-31 14:06:08',11.000,'2018-10-10 14:06:08','2018-10-10 14:06:08'),
	(53,12,'2018-11-01 14:06:08',9.000,'2018-10-10 14:06:08','2018-10-10 14:06:08'),
	(54,12,'2018-11-02 14:06:08',29.000,'2018-10-10 14:06:08','2018-10-10 14:06:08'),
	(55,12,'2018-11-03 14:06:08',7.000,'2018-10-10 14:06:08','2018-10-10 14:06:08'),
	(56,12,'2018-11-04 14:06:08',-11.000,'2018-10-10 14:06:08','2018-10-10 14:06:08'),
	(57,12,'2018-11-05 14:06:08',20.000,'2018-10-10 14:06:08','2018-10-10 14:06:08'),
	(58,12,'2018-11-06 14:06:08',9.000,'2018-10-10 14:06:08','2018-10-10 14:06:08'),
	(59,12,'2018-11-07 14:06:08',12.000,'2018-10-10 14:06:08','2018-10-10 14:06:08'),
	(60,12,'2018-11-08 14:06:08',25.000,'2018-10-10 14:06:08','2018-10-10 14:06:08'),
	(61,13,'2018-10-10 14:06:08',23.000,'2018-10-10 14:06:08','2018-10-10 14:06:08'),
	(62,13,'2018-10-11 14:06:08',-10.000,'2018-10-10 14:06:08','2018-10-10 14:06:08'),
	(63,13,'2018-10-12 14:06:08',28.000,'2018-10-10 14:06:08','2018-10-10 14:06:08'),
	(64,13,'2018-10-13 14:06:08',-12.000,'2018-10-10 14:06:08','2018-10-10 14:06:08'),
	(65,13,'2018-10-14 14:06:08',25.000,'2018-10-10 14:06:08','2018-10-10 14:06:08'),
	(66,13,'2018-10-15 14:06:08',-15.000,'2018-10-10 14:06:08','2018-10-10 14:06:08'),
	(67,13,'2018-10-16 14:06:08',-9.000,'2018-10-10 14:06:08','2018-10-10 14:06:08'),
	(68,13,'2018-10-17 14:06:08',21.000,'2018-10-10 14:06:08','2018-10-10 14:06:08'),
	(69,13,'2018-10-18 14:06:08',29.000,'2018-10-10 14:06:08','2018-10-10 14:06:08'),
	(70,13,'2018-10-19 14:06:08',-7.000,'2018-10-10 14:06:08','2018-10-10 14:06:08'),
	(71,13,'2018-10-20 14:06:08',-15.000,'2018-10-10 14:06:08','2018-10-10 14:06:08'),
	(72,13,'2018-10-21 14:06:08',28.000,'2018-10-10 14:06:08','2018-10-10 14:06:08'),
	(73,13,'2018-10-22 14:06:08',15.000,'2018-10-10 14:06:08','2018-10-10 14:06:08'),
	(74,13,'2018-10-23 14:06:08',-11.000,'2018-10-10 14:06:08','2018-10-10 14:06:08'),
	(75,13,'2018-10-24 14:06:08',15.000,'2018-10-10 14:06:08','2018-10-10 14:06:08'),
	(76,13,'2018-10-25 14:06:08',2.000,'2018-10-10 14:06:08','2018-10-10 14:06:08'),
	(77,13,'2018-10-26 14:06:08',17.000,'2018-10-10 14:06:08','2018-10-10 14:06:08'),
	(78,13,'2018-10-27 14:06:08',-19.000,'2018-10-10 14:06:08','2018-10-10 14:06:08'),
	(79,13,'2018-10-28 14:06:08',26.000,'2018-10-10 14:06:08','2018-10-10 14:06:08'),
	(80,13,'2018-10-29 14:06:08',-4.000,'2018-10-10 14:06:08','2018-10-10 14:06:08'),
	(81,13,'2018-10-30 14:06:08',15.000,'2018-10-10 14:06:08','2018-10-10 14:06:08'),
	(82,13,'2018-10-31 14:06:08',6.000,'2018-10-10 14:06:08','2018-10-10 14:06:08'),
	(83,13,'2018-11-01 14:06:08',2.000,'2018-10-10 14:06:08','2018-10-10 14:06:08'),
	(84,13,'2018-11-02 14:06:08',16.000,'2018-10-10 14:06:08','2018-10-10 14:06:08'),
	(85,13,'2018-11-03 14:06:08',10.000,'2018-10-10 14:06:08','2018-10-10 14:06:08'),
	(86,13,'2018-11-04 14:06:08',6.000,'2018-10-10 14:06:08','2018-10-10 14:06:08'),
	(87,13,'2018-11-05 14:06:08',13.000,'2018-10-10 14:06:08','2018-10-10 14:06:08'),
	(88,13,'2018-11-06 14:06:08',10.000,'2018-10-10 14:06:08','2018-10-10 14:06:08'),
	(89,13,'2018-11-07 14:06:08',28.000,'2018-10-10 14:06:08','2018-10-10 14:06:08'),
	(90,13,'2018-11-08 14:06:08',-1.000,'2018-10-10 14:06:08','2018-10-10 14:06:08'),
	(91,14,'2018-10-10 14:06:08',-14.000,'2018-10-10 14:06:08','2018-10-10 14:06:08'),
	(92,14,'2018-10-11 14:06:08',11.000,'2018-10-10 14:06:08','2018-10-10 14:06:08'),
	(93,14,'2018-10-12 14:06:08',13.000,'2018-10-10 14:06:08','2018-10-10 14:06:08'),
	(94,14,'2018-10-13 14:06:08',-15.000,'2018-10-10 14:06:08','2018-10-10 14:06:08'),
	(95,14,'2018-10-14 14:06:08',7.000,'2018-10-10 14:06:08','2018-10-10 14:06:08'),
	(96,14,'2018-10-15 14:06:08',-19.000,'2018-10-10 14:06:08','2018-10-10 14:06:08'),
	(97,14,'2018-10-16 14:06:08',-3.000,'2018-10-10 14:06:08','2018-10-10 14:06:08'),
	(98,14,'2018-10-17 14:06:08',-7.000,'2018-10-10 14:06:08','2018-10-10 14:06:08'),
	(99,14,'2018-10-18 14:06:08',-14.000,'2018-10-10 14:06:08','2018-10-10 14:06:08'),
	(100,14,'2018-10-19 14:06:08',0.000,'2018-10-10 14:06:08','2018-10-10 14:06:08'),
	(101,14,'2018-10-20 14:06:08',15.000,'2018-10-10 14:06:08','2018-10-10 14:06:08'),
	(102,14,'2018-10-21 14:06:08',3.000,'2018-10-10 14:06:08','2018-10-10 14:06:08'),
	(103,14,'2018-10-22 14:06:08',-14.000,'2018-10-10 14:06:08','2018-10-10 14:06:08'),
	(104,14,'2018-10-23 14:06:08',18.000,'2018-10-10 14:06:08','2018-10-10 14:06:08'),
	(105,14,'2018-10-24 14:06:08',-4.000,'2018-10-10 14:06:08','2018-10-10 14:06:08'),
	(106,14,'2018-10-25 14:06:08',-1.000,'2018-10-10 14:06:08','2018-10-10 14:06:08'),
	(107,14,'2018-10-26 14:06:08',2.000,'2018-10-10 14:06:08','2018-10-10 14:06:08'),
	(108,14,'2018-10-27 14:06:08',25.000,'2018-10-10 14:06:08','2018-10-10 14:06:08'),
	(109,14,'2018-10-28 14:06:08',12.000,'2018-10-10 14:06:08','2018-10-10 14:06:08'),
	(110,14,'2018-10-29 14:06:08',-9.000,'2018-10-10 14:06:08','2018-10-10 14:06:08'),
	(111,14,'2018-10-30 14:06:08',-4.000,'2018-10-10 14:06:08','2018-10-10 14:06:08'),
	(112,14,'2018-10-31 14:06:08',-13.000,'2018-10-10 14:06:08','2018-10-10 14:06:08'),
	(113,14,'2018-11-01 14:06:08',7.000,'2018-10-10 14:06:08','2018-10-10 14:06:08'),
	(114,14,'2018-11-02 14:06:08',1.000,'2018-10-10 14:06:08','2018-10-10 14:06:08'),
	(115,14,'2018-11-03 14:06:08',-12.000,'2018-10-10 14:06:08','2018-10-10 14:06:08'),
	(116,14,'2018-11-04 14:06:08',23.000,'2018-10-10 14:06:08','2018-10-10 14:06:08'),
	(117,14,'2018-11-05 14:06:08',-17.000,'2018-10-10 14:06:08','2018-10-10 14:06:08'),
	(118,14,'2018-11-06 14:06:08',-18.000,'2018-10-10 14:06:08','2018-10-10 14:06:08'),
	(119,14,'2018-11-07 14:06:08',26.000,'2018-10-10 14:06:08','2018-10-10 14:06:08'),
	(120,14,'2018-11-08 14:06:08',-19.000,'2018-10-10 14:06:08','2018-10-10 14:06:08'),
	(121,15,'2018-10-10 14:06:08',-14.000,'2018-10-10 14:06:08','2018-10-10 14:06:08'),
	(122,15,'2018-10-11 14:06:08',16.000,'2018-10-10 14:06:08','2018-10-10 14:06:08'),
	(123,15,'2018-10-12 14:06:08',18.000,'2018-10-10 14:06:08','2018-10-10 14:06:08'),
	(124,15,'2018-10-13 14:06:08',-4.000,'2018-10-10 14:06:08','2018-10-10 14:06:08'),
	(125,15,'2018-10-14 14:06:08',8.000,'2018-10-10 14:06:08','2018-10-10 14:06:08'),
	(126,15,'2018-10-15 14:06:08',-11.000,'2018-10-10 14:06:08','2018-10-10 14:06:08'),
	(127,15,'2018-10-16 14:06:08',-17.000,'2018-10-10 14:06:08','2018-10-10 14:06:08'),
	(128,15,'2018-10-17 14:06:08',6.000,'2018-10-10 14:06:08','2018-10-10 14:06:08'),
	(129,15,'2018-10-18 14:06:08',25.000,'2018-10-10 14:06:08','2018-10-10 14:06:08'),
	(130,15,'2018-10-19 14:06:08',7.000,'2018-10-10 14:06:08','2018-10-10 14:06:08'),
	(131,15,'2018-10-20 14:06:08',14.000,'2018-10-10 14:06:08','2018-10-10 14:06:08'),
	(132,15,'2018-10-21 14:06:08',0.000,'2018-10-10 14:06:08','2018-10-10 14:06:08'),
	(133,15,'2018-10-22 14:06:08',0.000,'2018-10-10 14:06:08','2018-10-10 14:06:08'),
	(134,15,'2018-10-23 14:06:08',-4.000,'2018-10-10 14:06:08','2018-10-10 14:06:08'),
	(135,15,'2018-10-24 14:06:08',1.000,'2018-10-10 14:06:08','2018-10-10 14:06:08'),
	(136,15,'2018-10-25 14:06:08',-20.000,'2018-10-10 14:06:08','2018-10-10 14:06:08'),
	(137,15,'2018-10-26 14:06:08',15.000,'2018-10-10 14:06:08','2018-10-10 14:06:08'),
	(138,15,'2018-10-27 14:06:08',-12.000,'2018-10-10 14:06:08','2018-10-10 14:06:08'),
	(139,15,'2018-10-28 14:06:08',29.000,'2018-10-10 14:06:08','2018-10-10 14:06:08'),
	(140,15,'2018-10-29 14:06:08',28.000,'2018-10-10 14:06:08','2018-10-10 14:06:08'),
	(141,15,'2018-10-30 14:06:08',16.000,'2018-10-10 14:06:08','2018-10-10 14:06:08'),
	(142,15,'2018-10-31 14:06:08',-3.000,'2018-10-10 14:06:08','2018-10-10 14:06:08'),
	(143,15,'2018-11-01 14:06:08',13.000,'2018-10-10 14:06:08','2018-10-10 14:06:08'),
	(144,15,'2018-11-02 14:06:08',-3.000,'2018-10-10 14:06:08','2018-10-10 14:06:08'),
	(145,15,'2018-11-03 14:06:08',-20.000,'2018-10-10 14:06:08','2018-10-10 14:06:08'),
	(146,15,'2018-11-04 14:06:08',25.000,'2018-10-10 14:06:08','2018-10-10 14:06:08'),
	(147,15,'2018-11-05 14:06:08',4.000,'2018-10-10 14:06:08','2018-10-10 14:06:08'),
	(148,15,'2018-11-06 14:06:08',-7.000,'2018-10-10 14:06:08','2018-10-10 14:06:08'),
	(149,15,'2018-11-07 14:06:08',-10.000,'2018-10-10 14:06:08','2018-10-10 14:06:08'),
	(150,15,'2018-11-08 14:06:08',-4.000,'2018-10-10 14:06:08','2018-10-10 14:06:08'),
	(151,16,'2018-10-10 14:06:08',11.000,'2018-10-10 14:06:08','2018-10-10 14:06:08'),
	(152,16,'2018-10-11 14:06:08',-2.000,'2018-10-10 14:06:08','2018-10-10 14:06:08'),
	(153,16,'2018-10-12 14:06:08',30.000,'2018-10-10 14:06:08','2018-10-10 14:06:08'),
	(154,16,'2018-10-13 14:06:08',-15.000,'2018-10-10 14:06:08','2018-10-10 14:06:08'),
	(155,16,'2018-10-14 14:06:08',-15.000,'2018-10-10 14:06:08','2018-10-10 14:06:08'),
	(156,16,'2018-10-15 14:06:08',-8.000,'2018-10-10 14:06:08','2018-10-10 14:06:08'),
	(157,16,'2018-10-16 14:06:08',16.000,'2018-10-10 14:06:08','2018-10-10 14:06:08'),
	(158,16,'2018-10-17 14:06:08',-4.000,'2018-10-10 14:06:08','2018-10-10 14:06:08'),
	(159,16,'2018-10-18 14:06:08',-8.000,'2018-10-10 14:06:08','2018-10-10 14:06:08'),
	(160,16,'2018-10-19 14:06:08',-3.000,'2018-10-10 14:06:08','2018-10-10 14:06:08'),
	(161,16,'2018-10-20 14:06:08',26.000,'2018-10-10 14:06:08','2018-10-10 14:06:08'),
	(162,16,'2018-10-21 14:06:08',29.000,'2018-10-10 14:06:08','2018-10-10 14:06:08'),
	(163,16,'2018-10-22 14:06:08',-14.000,'2018-10-10 14:06:08','2018-10-10 14:06:08'),
	(164,16,'2018-10-23 14:06:08',30.000,'2018-10-10 14:06:08','2018-10-10 14:06:08'),
	(165,16,'2018-10-24 14:06:08',23.000,'2018-10-10 14:06:08','2018-10-10 14:06:08'),
	(166,16,'2018-10-25 14:06:08',-17.000,'2018-10-10 14:06:08','2018-10-10 14:06:08'),
	(167,16,'2018-10-26 14:06:08',-18.000,'2018-10-10 14:06:08','2018-10-10 14:06:08'),
	(168,16,'2018-10-27 14:06:08',28.000,'2018-10-10 14:06:08','2018-10-10 14:06:08'),
	(169,16,'2018-10-28 14:06:08',24.000,'2018-10-10 14:06:08','2018-10-10 14:06:08'),
	(170,16,'2018-10-29 14:06:08',12.000,'2018-10-10 14:06:08','2018-10-10 14:06:08'),
	(171,16,'2018-10-30 14:06:08',4.000,'2018-10-10 14:06:08','2018-10-10 14:06:08'),
	(172,16,'2018-10-31 14:06:08',-13.000,'2018-10-10 14:06:08','2018-10-10 14:06:08'),
	(173,16,'2018-11-01 14:06:08',30.000,'2018-10-10 14:06:08','2018-10-10 14:06:08'),
	(174,16,'2018-11-02 14:06:08',1.000,'2018-10-10 14:06:08','2018-10-10 14:06:08'),
	(175,16,'2018-11-03 14:06:08',22.000,'2018-10-10 14:06:08','2018-10-10 14:06:08'),
	(176,16,'2018-11-04 14:06:08',-14.000,'2018-10-10 14:06:08','2018-10-10 14:06:08'),
	(177,16,'2018-11-05 14:06:08',18.000,'2018-10-10 14:06:08','2018-10-10 14:06:08'),
	(178,16,'2018-11-06 14:06:08',24.000,'2018-10-10 14:06:08','2018-10-10 14:06:08'),
	(179,16,'2018-11-07 14:06:08',11.000,'2018-10-10 14:06:08','2018-10-10 14:06:08'),
	(180,16,'2018-11-08 14:06:08',-19.000,'2018-10-10 14:06:08','2018-10-10 14:06:08'),
	(181,17,'2018-10-10 14:06:08',17.000,'2018-10-10 14:06:08','2018-10-10 14:06:08'),
	(182,17,'2018-10-11 14:06:08',-9.000,'2018-10-10 14:06:08','2018-10-10 14:06:08'),
	(183,17,'2018-10-12 14:06:08',-1.000,'2018-10-10 14:06:08','2018-10-10 14:06:08'),
	(184,17,'2018-10-13 14:06:08',20.000,'2018-10-10 14:06:08','2018-10-10 14:06:08'),
	(185,17,'2018-10-14 14:06:08',0.000,'2018-10-10 14:06:08','2018-10-10 14:06:08'),
	(186,17,'2018-10-15 14:06:08',-15.000,'2018-10-10 14:06:08','2018-10-10 14:06:08'),
	(187,17,'2018-10-16 14:06:08',14.000,'2018-10-10 14:06:08','2018-10-10 14:06:08'),
	(188,17,'2018-10-17 14:06:08',22.000,'2018-10-10 14:06:08','2018-10-10 14:06:08'),
	(189,17,'2018-10-18 14:06:08',1.000,'2018-10-10 14:06:08','2018-10-10 14:06:08'),
	(190,17,'2018-10-19 14:06:08',21.000,'2018-10-10 14:06:08','2018-10-10 14:06:08'),
	(191,17,'2018-10-20 14:06:08',-9.000,'2018-10-10 14:06:08','2018-10-10 14:06:08'),
	(192,17,'2018-10-21 14:06:08',-17.000,'2018-10-10 14:06:08','2018-10-10 14:06:08'),
	(193,17,'2018-10-22 14:06:08',27.000,'2018-10-10 14:06:08','2018-10-10 14:06:08'),
	(194,17,'2018-10-23 14:06:08',-13.000,'2018-10-10 14:06:08','2018-10-10 14:06:08'),
	(195,17,'2018-10-24 14:06:08',9.000,'2018-10-10 14:06:08','2018-10-10 14:06:08'),
	(196,17,'2018-10-25 14:06:08',-3.000,'2018-10-10 14:06:08','2018-10-10 14:06:08'),
	(197,17,'2018-10-26 14:06:08',20.000,'2018-10-10 14:06:08','2018-10-10 14:06:08'),
	(198,17,'2018-10-27 14:06:08',5.000,'2018-10-10 14:06:08','2018-10-10 14:06:08'),
	(199,17,'2018-10-28 14:06:08',11.000,'2018-10-10 14:06:08','2018-10-10 14:06:08'),
	(200,17,'2018-10-29 14:06:08',-7.000,'2018-10-10 14:06:08','2018-10-10 14:06:08'),
	(201,17,'2018-10-30 14:06:08',30.000,'2018-10-10 14:06:08','2018-10-10 14:06:08'),
	(202,17,'2018-10-31 14:06:08',0.000,'2018-10-10 14:06:08','2018-10-10 14:06:08'),
	(203,17,'2018-11-01 14:06:08',2.000,'2018-10-10 14:06:08','2018-10-10 14:06:08'),
	(204,17,'2018-11-02 14:06:08',12.000,'2018-10-10 14:06:08','2018-10-10 14:06:08'),
	(205,17,'2018-11-03 14:06:08',11.000,'2018-10-10 14:06:08','2018-10-10 14:06:08'),
	(206,17,'2018-11-04 14:06:08',-14.000,'2018-10-10 14:06:08','2018-10-10 14:06:08'),
	(207,17,'2018-11-05 14:06:08',14.000,'2018-10-10 14:06:08','2018-10-10 14:06:08'),
	(208,17,'2018-11-06 14:06:08',28.000,'2018-10-10 14:06:08','2018-10-10 14:06:08'),
	(209,17,'2018-11-07 14:06:08',5.000,'2018-10-10 14:06:08','2018-10-10 14:06:08'),
	(210,17,'2018-11-08 14:06:08',2.000,'2018-10-10 14:06:08','2018-10-10 14:06:08'),
	(211,18,'2018-10-10 14:06:08',-4.000,'2018-10-10 14:06:08','2018-10-10 14:06:08'),
	(212,18,'2018-10-11 14:06:08',-9.000,'2018-10-10 14:06:08','2018-10-10 14:06:08'),
	(213,18,'2018-10-12 14:06:08',12.000,'2018-10-10 14:06:08','2018-10-10 14:06:08'),
	(214,18,'2018-10-13 14:06:08',24.000,'2018-10-10 14:06:08','2018-10-10 14:06:08'),
	(215,18,'2018-10-14 14:06:08',6.000,'2018-10-10 14:06:08','2018-10-10 14:06:08'),
	(216,18,'2018-10-15 14:06:08',-10.000,'2018-10-10 14:06:08','2018-10-10 14:06:08'),
	(217,18,'2018-10-16 14:06:08',-19.000,'2018-10-10 14:06:08','2018-10-10 14:06:08'),
	(218,18,'2018-10-17 14:06:08',20.000,'2018-10-10 14:06:08','2018-10-10 14:06:08'),
	(219,18,'2018-10-18 14:06:08',18.000,'2018-10-10 14:06:08','2018-10-10 14:06:08'),
	(220,18,'2018-10-19 14:06:08',9.000,'2018-10-10 14:06:08','2018-10-10 14:06:08'),
	(221,18,'2018-10-20 14:06:08',17.000,'2018-10-10 14:06:08','2018-10-10 14:06:08'),
	(222,18,'2018-10-21 14:06:08',-1.000,'2018-10-10 14:06:08','2018-10-10 14:06:08'),
	(223,18,'2018-10-22 14:06:08',-13.000,'2018-10-10 14:06:08','2018-10-10 14:06:08'),
	(224,18,'2018-10-23 14:06:08',13.000,'2018-10-10 14:06:08','2018-10-10 14:06:08'),
	(225,18,'2018-10-24 14:06:08',24.000,'2018-10-10 14:06:08','2018-10-10 14:06:08'),
	(226,18,'2018-10-25 14:06:08',21.000,'2018-10-10 14:06:08','2018-10-10 14:06:08'),
	(227,18,'2018-10-26 14:06:08',-9.000,'2018-10-10 14:06:08','2018-10-10 14:06:08'),
	(228,18,'2018-10-27 14:06:08',6.000,'2018-10-10 14:06:08','2018-10-10 14:06:08'),
	(229,18,'2018-10-28 14:06:08',-2.000,'2018-10-10 14:06:08','2018-10-10 14:06:08'),
	(230,18,'2018-10-29 14:06:08',-12.000,'2018-10-10 14:06:08','2018-10-10 14:06:08'),
	(231,18,'2018-10-30 14:06:08',0.000,'2018-10-10 14:06:08','2018-10-10 14:06:08'),
	(232,18,'2018-10-31 14:06:08',-11.000,'2018-10-10 14:06:08','2018-10-10 14:06:08'),
	(233,18,'2018-11-01 14:06:08',20.000,'2018-10-10 14:06:08','2018-10-10 14:06:08'),
	(234,18,'2018-11-02 14:06:08',10.000,'2018-10-10 14:06:08','2018-10-10 14:06:08'),
	(235,18,'2018-11-03 14:06:08',7.000,'2018-10-10 14:06:08','2018-10-10 14:06:08'),
	(236,18,'2018-11-04 14:06:08',-15.000,'2018-10-10 14:06:08','2018-10-10 14:06:08'),
	(237,18,'2018-11-05 14:06:08',25.000,'2018-10-10 14:06:08','2018-10-10 14:06:08'),
	(238,18,'2018-11-06 14:06:08',7.000,'2018-10-10 14:06:08','2018-10-10 14:06:08'),
	(239,18,'2018-11-07 14:06:08',-13.000,'2018-10-10 14:06:08','2018-10-10 14:06:08'),
	(240,18,'2018-11-08 14:06:08',3.000,'2018-10-10 14:06:08','2018-10-10 14:06:08'),
	(241,19,'2018-10-10 14:06:08',-17.000,'2018-10-10 14:06:08','2018-10-10 14:06:08'),
	(242,19,'2018-10-11 14:06:08',24.000,'2018-10-10 14:06:08','2018-10-10 14:06:08'),
	(243,19,'2018-10-12 14:06:08',17.000,'2018-10-10 14:06:08','2018-10-10 14:06:08'),
	(244,19,'2018-10-13 14:06:08',-16.000,'2018-10-10 14:06:08','2018-10-10 14:06:08'),
	(245,19,'2018-10-14 14:06:08',12.000,'2018-10-10 14:06:08','2018-10-10 14:06:08'),
	(246,19,'2018-10-15 14:06:08',-4.000,'2018-10-10 14:06:08','2018-10-10 14:06:08'),
	(247,19,'2018-10-16 14:06:08',3.000,'2018-10-10 14:06:08','2018-10-10 14:06:08'),
	(248,19,'2018-10-17 14:06:08',18.000,'2018-10-10 14:06:08','2018-10-10 14:06:08'),
	(249,19,'2018-10-18 14:06:08',1.000,'2018-10-10 14:06:08','2018-10-10 14:06:08'),
	(250,19,'2018-10-19 14:06:08',6.000,'2018-10-10 14:06:08','2018-10-10 14:06:08'),
	(251,19,'2018-10-20 14:06:08',-4.000,'2018-10-10 14:06:08','2018-10-10 14:06:08'),
	(252,19,'2018-10-21 14:06:08',25.000,'2018-10-10 14:06:08','2018-10-10 14:06:08'),
	(253,19,'2018-10-22 14:06:08',13.000,'2018-10-10 14:06:08','2018-10-10 14:06:08'),
	(254,19,'2018-10-23 14:06:08',15.000,'2018-10-10 14:06:08','2018-10-10 14:06:08'),
	(255,19,'2018-10-24 14:06:08',-11.000,'2018-10-10 14:06:08','2018-10-10 14:06:08'),
	(256,19,'2018-10-25 14:06:08',17.000,'2018-10-10 14:06:08','2018-10-10 14:06:08'),
	(257,19,'2018-10-26 14:06:08',-8.000,'2018-10-10 14:06:08','2018-10-10 14:06:08'),
	(258,19,'2018-10-27 14:06:08',28.000,'2018-10-10 14:06:08','2018-10-10 14:06:08'),
	(259,19,'2018-10-28 14:06:08',-10.000,'2018-10-10 14:06:08','2018-10-10 14:06:08'),
	(260,19,'2018-10-29 14:06:08',-5.000,'2018-10-10 14:06:08','2018-10-10 14:06:08'),
	(261,19,'2018-10-30 14:06:08',29.000,'2018-10-10 14:06:08','2018-10-10 14:06:08'),
	(262,19,'2018-10-31 14:06:08',23.000,'2018-10-10 14:06:08','2018-10-10 14:06:08'),
	(263,19,'2018-11-01 14:06:08',-1.000,'2018-10-10 14:06:08','2018-10-10 14:06:08'),
	(264,19,'2018-11-02 14:06:08',-4.000,'2018-10-10 14:06:08','2018-10-10 14:06:08'),
	(265,19,'2018-11-03 14:06:08',25.000,'2018-10-10 14:06:08','2018-10-10 14:06:08'),
	(266,19,'2018-11-04 14:06:08',14.000,'2018-10-10 14:06:08','2018-10-10 14:06:08'),
	(267,19,'2018-11-05 14:06:08',-12.000,'2018-10-10 14:06:08','2018-10-10 14:06:08'),
	(268,19,'2018-11-06 14:06:08',9.000,'2018-10-10 14:06:08','2018-10-10 14:06:08'),
	(269,19,'2018-11-07 14:06:08',-14.000,'2018-10-10 14:06:08','2018-10-10 14:06:08'),
	(270,19,'2018-11-08 14:06:08',26.000,'2018-10-10 14:06:08','2018-10-10 14:06:08');

/*!40000 ALTER TABLE `cash_flows` ENABLE KEYS */;
UNLOCK TABLES;


# Дамп таблицы clients
# ------------------------------------------------------------

DROP TABLE IF EXISTS `clients`;

CREATE TABLE `clients` (
  `id` int(10) unsigned NOT NULL AUTO_INCREMENT,
  `name` varchar(191) COLLATE utf8mb4_unicode_ci NOT NULL,
  `permission` text COLLATE utf8mb4_unicode_ci NOT NULL,
  `description` varchar(191) COLLATE utf8mb4_unicode_ci NOT NULL,
  `preference` text COLLATE utf8mb4_unicode_ci NOT NULL,
  `created_at` timestamp NULL DEFAULT NULL,
  `updated_at` timestamp NULL DEFAULT NULL,
  PRIMARY KEY (`id`)
) ENGINE=InnoDB DEFAULT CHARSET=utf8mb4 COLLATE=utf8mb4_unicode_ci;

LOCK TABLES `clients` WRITE;
/*!40000 ALTER TABLE `clients` DISABLE KEYS */;

INSERT INTO `clients` (`id`, `name`, `permission`, `description`, `preference`, `created_at`, `updated_at`)
VALUES
	(1,'Client 1','\"[\\\"*\\\"]\"','ZvtnD4AZv2xQmRErExg40WcTSO9VXPLW38kM9sqpFuBdDWCXQPJoW1Kd9W7uKX71nFngOybov5fML6mlXqPc4O2YCXBr5igkeuuh','\"\"','2018-10-09 15:26:19','2018-10-09 15:26:19'),
	(2,'Client 2','\"[\\\"VC\\\",\\\"RE\\\"]\"','i5gQgS1a7txBzPvhOlEwLf18vmkAMG9tA9tTQKGmny5kt2WwLnbB28WnKduuIQG4tQWicsOuozOikzO5WEm1dbihFSwox5t8qLzT','\"\"','2018-10-09 15:26:19','2018-10-09 15:26:19'),
	(3,'Client 3','\"[\\\"PL\\\",\\\"PC\\\"]\"','f2t6b4hHCpUVEmuyUSg4zrwCZVKKTKU04TUKolJd29AI4ZOUadEIVAvGoqeKzJJ4uUcFgXfruM4cRD4QOOJhPY9z68ycVcspGwOA','\"\"','2018-10-09 15:26:19','2018-10-09 15:26:19');

/*!40000 ALTER TABLE `clients` ENABLE KEYS */;
UNLOCK TABLES;


# Дамп таблицы funds
# ------------------------------------------------------------

DROP TABLE IF EXISTS `funds`;

CREATE TABLE `funds` (
  `id` int(10) unsigned NOT NULL AUTO_INCREMENT,
  `name` varchar(191) COLLATE utf8mb4_unicode_ci NOT NULL,
  `type` char(2) COLLATE utf8mb4_unicode_ci NOT NULL,
  `inception_date` datetime NOT NULL,
  `description` varchar(191) COLLATE utf8mb4_unicode_ci NOT NULL,
  `created_at` timestamp NULL DEFAULT NULL,
  `updated_at` timestamp NULL DEFAULT NULL,
  PRIMARY KEY (`id`)
) ENGINE=InnoDB DEFAULT CHARSET=utf8mb4 COLLATE=utf8mb4_unicode_ci;

LOCK TABLES `funds` WRITE;
/*!40000 ALTER TABLE `funds` DISABLE KEYS */;

INSERT INTO `funds` (`id`, `name`, `type`, `inception_date`, `description`, `created_at`, `updated_at`)
VALUES
	(1,'Fund 1','HF','2018-08-08 00:00:00','o1d660CBqTB31knK9livzV7waByozWGpV8qkhIfYWDvxIyh9igwWzQ0U6vLFwwSi1whQ2A9osvvvUE8qO141ikJ18MLLxzAs7q5H',NULL,NULL),
	(2,'Fund 2','PL','2018-08-08 00:00:00','D5drnVZFJU7vELQeSbcBDo4cIIT03E5Q82KrCXFbe0K318xfhN97qke8kjRAJoDXDQsZ8XmfSmfkqZXz8qZBh0T2Az6P8LaxyhQW',NULL,NULL),
	(3,'Fund 3','VC','2018-08-08 00:00:00','bZF3weiYYmGEe9Lxjky8bfKCgaHHfEt0DCAa68qalpKqvuihsR6g5AFB9fgV6I3WXuUWWTgG9LWNxBZwydcQ5kmVyp4F7PBFzxxb',NULL,NULL),
	(4,'Fund 4','RE','2018-08-08 00:00:00','igAuuAquvDnTMgzRpDrkJZkAQugL0SZHIqQcFLI91WHj8PVQc1tHpSYoLdHHOfLeNRBz97fXkZxyWeVxTsTYRVJQbh6jK44t3cmH',NULL,NULL),
	(5,'Fund 5','PC','2018-08-08 00:00:00','Q4YWhHtKOBVJTuDgbgL8Hd0maOlxuFO1bBOgvHnjs4vuZcJqV4bIMfqmcNUllIWepeV3qMDR1qPljKj2D2IeeYIsSIMynk3K84lM',NULL,NULL),
	(6,'Fund 6','PL','2018-08-08 00:00:00','DSBcsx7SOTXHg0pyNhJIRCmxKT6z4VjTJ8GujP52r04JXfjAIp6pNVEjlyPlDMQupiUfSRmogAnH3dpV4zSHvTLBFrfH9Uib4LpP',NULL,NULL),
	(7,'Fund 7','VC','2018-08-08 00:00:00','BC63qOXjpSCo4wC1dxWFoisCWFKGkoL7NK8j6zY7cYhsfq2vrbeDmeITOOX1HjPMqsMCyfDJUi4yhF33kHLUUppSh5nOac45YA1H',NULL,NULL),
	(8,'Fund 8','RE','2018-08-08 00:00:00','mozNKQuBZ8Fx2A82zONNZWiIbg9CiziPGR4xXhal4Uo6E04jnptkbK1lH3O4ifkHJXDZlSViLOeazOY4emA1cESBXjTKjzG75hIk',NULL,NULL),
	(9,'Fund 9','PC','2018-08-08 00:00:00','oPPOCe8Ati25YXj7xBVxCMLj3kLJkzJ2PXlyW0MlzjO3DueXOurEKXkovJE8tUqb7jTd8rTUWp4RWhU3VI9DRBOtodtQTIJRRFCh',NULL,NULL);

/*!40000 ALTER TABLE `funds` ENABLE KEYS */;
UNLOCK TABLES;


# Дамп таблицы investments
# ------------------------------------------------------------

DROP TABLE IF EXISTS `investments`;

CREATE TABLE `investments` (
  `id` int(10) unsigned NOT NULL AUTO_INCREMENT,
  `client_id` int(10) unsigned NOT NULL,
  `fund_id` int(10) unsigned NOT NULL,
  `date` datetime NOT NULL,
  `amount` decimal(8,2) NOT NULL,
  `created_at` timestamp NULL DEFAULT NULL,
  `updated_at` timestamp NULL DEFAULT NULL,
  PRIMARY KEY (`id`),
  KEY `investments_client_id_foreign` (`client_id`),
  KEY `investments_fund_id_foreign` (`fund_id`),
  CONSTRAINT `investments_client_id_foreign` FOREIGN KEY (`client_id`) REFERENCES `clients` (`id`) ON DELETE CASCADE,
  CONSTRAINT `investments_fund_id_foreign` FOREIGN KEY (`fund_id`) REFERENCES `funds` (`id`) ON DELETE CASCADE
) ENGINE=InnoDB DEFAULT CHARSET=utf8mb4 COLLATE=utf8mb4_unicode_ci;

LOCK TABLES `investments` WRITE;
/*!40000 ALTER TABLE `investments` DISABLE KEYS */;

INSERT INTO `investments` (`id`, `client_id`, `fund_id`, `date`, `amount`, `created_at`, `updated_at`)
VALUES
	(11,1,1,'2018-08-09 00:00:00',100000.00,NULL,NULL),
	(12,1,2,'2018-08-09 00:00:00',200000.00,NULL,NULL),
	(13,1,3,'2018-08-09 00:00:00',300000.00,NULL,NULL),
	(14,1,4,'2018-08-09 00:00:00',400000.00,NULL,NULL),
	(15,2,3,'2018-08-09 00:00:00',100000.00,NULL,NULL),
	(16,2,4,'2018-08-09 00:00:00',400000.00,NULL,NULL),
	(17,2,7,'2018-08-09 00:00:00',700000.00,NULL,NULL),
	(18,3,2,'2018-08-09 00:00:00',100000.00,NULL,NULL),
	(19,3,6,'2018-08-09 00:00:00',500000.00,NULL,NULL);

/*!40000 ALTER TABLE `investments` ENABLE KEYS */;
UNLOCK TABLES;


# Дамп таблицы migrations
# ------------------------------------------------------------

DROP TABLE IF EXISTS `migrations`;

CREATE TABLE `migrations` (
  `id` int(10) unsigned NOT NULL AUTO_INCREMENT,
  `migration` varchar(191) COLLATE utf8mb4_unicode_ci NOT NULL,
  `batch` int(11) NOT NULL,
  PRIMARY KEY (`id`)
) ENGINE=InnoDB DEFAULT CHARSET=utf8mb4 COLLATE=utf8mb4_unicode_ci;

LOCK TABLES `migrations` WRITE;
/*!40000 ALTER TABLE `migrations` DISABLE KEYS */;

INSERT INTO `migrations` (`id`, `migration`, `batch`)
VALUES
	(1,'2014_10_12_000000_create_users_table',1),
	(2,'2014_10_12_100000_create_password_resets_table',1),
	(3,'2018_10_09_143743_create_clients_table',1),
	(4,'2018_10_09_143755_create_funds_table',1),
	(5,'2018_10_09_143807_create_investments_table',1),
	(6,'2018_10_09_143822_create_cash_flows_table',1);

/*!40000 ALTER TABLE `migrations` ENABLE KEYS */;
UNLOCK TABLES;


# Дамп таблицы password_resets
# ------------------------------------------------------------

DROP TABLE IF EXISTS `password_resets`;

CREATE TABLE `password_resets` (
  `email` varchar(191) COLLATE utf8mb4_unicode_ci NOT NULL,
  `token` varchar(191) COLLATE utf8mb4_unicode_ci NOT NULL,
  `created_at` timestamp NULL DEFAULT NULL,
  KEY `password_resets_email_index` (`email`)
) ENGINE=InnoDB DEFAULT CHARSET=utf8mb4 COLLATE=utf8mb4_unicode_ci;



# Дамп таблицы users
# ------------------------------------------------------------

DROP TABLE IF EXISTS `users`;

CREATE TABLE `users` (
  `id` int(10) unsigned NOT NULL AUTO_INCREMENT,
  `name` varchar(191) COLLATE utf8mb4_unicode_ci NOT NULL,
  `email` varchar(191) COLLATE utf8mb4_unicode_ci NOT NULL,
  `email_verified_at` timestamp NULL DEFAULT NULL,
  `password` varchar(191) COLLATE utf8mb4_unicode_ci NOT NULL,
  `remember_token` varchar(100) COLLATE utf8mb4_unicode_ci DEFAULT NULL,
  `created_at` timestamp NULL DEFAULT NULL,
  `updated_at` timestamp NULL DEFAULT NULL,
  PRIMARY KEY (`id`),
  UNIQUE KEY `users_email_unique` (`email`)
) ENGINE=InnoDB DEFAULT CHARSET=utf8mb4 COLLATE=utf8mb4_unicode_ci;




/*!40111 SET SQL_NOTES=@OLD_SQL_NOTES */;
/*!40101 SET SQL_MODE=@OLD_SQL_MODE */;
/*!40014 SET FOREIGN_KEY_CHECKS=@OLD_FOREIGN_KEY_CHECKS */;
/*!40101 SET CHARACTER_SET_CLIENT=@OLD_CHARACTER_SET_CLIENT */;
/*!40101 SET CHARACTER_SET_RESULTS=@OLD_CHARACTER_SET_RESULTS */;
/*!40101 SET COLLATION_CONNECTION=@OLD_COLLATION_CONNECTION */;
